INSERT INTO Custodio (inss, nombres, apellidos, telefono, cedula, activo) VALUES
(74589263, 'Juan', 'Pérez', 23456781, '1234567890123A', 1),
(89012457, 'María', 'Gómez', 34567892, '9876543210987B', 1),
(23650178, 'Pedro', 'López', 45678903, '5678901234567C', 1),
(69123740, 'Ana', 'Rodríguez', 56789014, '9012345678901D', 1),
(81745692, 'Luis', 'Sánchez', 67890125, '3456789012345E', 1),
(32587469, 'Laura', 'Torres', 78901236, '7890123456789F', 1),
(54061237, 'Carlos', 'Hernández', 89012347, '2345678901234G', 1),
(91254687, 'Sofía', 'Vargas', 90123458, '6789012345678H', 1),
(43875210, 'Diego', 'Silva', 12345679, '4321098765432I', 1),
(61239745, 'Fernanda', 'Rojas', 23456780, '8765432109876J', 1),
(90751832, 'Andrés', 'Mendoza', 34567891, '6543210987654K', 1),
(15028946, 'Gabriela', 'Guerrero', 45678902, '9876543210987L', 1),
(73240516, 'Alejandro', 'Castañeda', 56789013, '3456789012345M', 1),
(62937184, 'Valentina', 'Herrera', 67890124, '7890123456789N', 1),
(58391207, 'Isabella', 'Navarro', 78901235, '2345678901234O', 1),
(91650342, 'Javier', 'Cruz', 89012346, '6789012345678P', 1),
(17543986, 'Camila', 'Ochoa', 90123457, '4321098765432Q', 1),
(29570614, 'Emilio', 'Vega', 12345678, '8765432109876R', 1),
(68745230, 'Mariana', 'Pacheco', 23456789, '6543210987654S', 1),
(94031257, 'Daniel', 'Lara', 34567890, '9876543210987T', 1),
(42506713, 'Sara', 'Campos', 45678901, '3456789012345U', 1),
(91047385, 'Andrea', 'Montes', 56789012, '7890123456789V', 1),
(39214560, 'Felipe', 'Guzmán', 67890123, '2345678901234W', 1),
(84156327, 'Carolina', 'Miranda', 78901234, '6789012345678X', 1),
(52730968, 'Sebastián', 'Acosta', 89012345, '4321098765432Y', 1),
(19374582, 'Paula', 'Escobar', 90123456, '8765432109876Z', 1),
(68419503, 'Martín', 'Bustos', 12345678, '6543210987654A', 1),
(91275843, 'Natalia', 'Salgado', 23456789, '9876543210987B', 1),
(31984650, 'Gustavo', 'Cordero', 34567890, '3456789012345C', 1),
(73516842, 'Lucía', 'Zambrano', 45678901, '7890123456789D', 1),
(21795630, 'Renata', 'Delgado', 56789012, '2345678901234E', 1),
(69082713, 'Roberto', 'Luna', 67890123, '6789012345678F', 1),
(51749236, 'Marcela', 'Villalobos', 78901234, '4321098765432G', 1),
(14963528, 'Hugo', 'Soto', 89012345, '8765432109876H', 1),
(82605714, 'Julieta', 'Ríos', 90123456, '6543210987654I', 1),
(30147852, 'Emilia', 'Ávila', 12345678, '9876543210987J', 1),
(63184579, 'Ricardo', 'Franco', 23456789, '3456789012345K', 1),
(91538247, 'Paola', 'Molina', 34567890, '7890123456789L', 1),
(27519348, 'Cristian', 'López', 45678901, '2345678901234M', 1),
(46928013, 'Florencia', 'Vargas', 56789012, '6789012345678N', 1),
(83014796, 'Leonardo', 'Chávez', 67890123, '4321098765432O', 1),
(57219384, 'Juana', 'Guerrero', 78901234, '8765432109876P', 1),
(21785934, 'Antonio', 'Carrillo', 89012345, '6543210987654Q', 1),
(74961235, 'Gabriel', 'Santana', 90123456, '9876543210987R', 1),
(51632049, 'Valeria', 'Vega', 12345678, '3456789012345S', 1),
(95617432, 'Ignacio', 'Pérez', 23456789, '7890123456789T', 1),
(42895136, 'Renata', 'Mendoza', 34567890, '2345678901234U', 1),
(76981420, 'Alexis', 'Suárez', 45678901, '6789012345678V', 1),
(36528917, 'Isabela', 'Navarro', 56789012, '4321098765432W', 1),
(93218475, 'Lucas', 'González', 67890123, '8765432109876X', 1),
(22040690, 'William','Rivas', 88407469, '8765432104545X', 1 ); -- Custodio
Go

INSERT INTO Responsable (inss, nombres, apellidos, telefono, cedula, activo) VALUES
(74659832, 'Luisa', 'Mendoza', 23456781, '1234567890123A', 1),
(89234651, 'Gabriel', 'García', 34567892, '9876543210987B', 1),
(23649758, 'Valeria', 'Pérez', 45678903, '5678901234567C', 1),
(69481523, 'Andrés', 'Gómez', 56789014, '9012345678901D', 1),
(81236475, 'Carolina', 'Sánchez', 67890125, '3456789012345E', 1),
(32785614, 'Javier', 'Torres', 78901236, '7890123456789F', 1),
(54237981, 'Sofía', 'Hernández', 89012347, '2345678901234G', 1),
(91657348, 'Sebastián', 'Vargas', 90123458, '6789012345678H', 1),
(43789625, 'María', 'Silva', 12345679, '4321098765432I', 1),
(61854092, 'Daniel', 'Rojas', 23456780, '8765432109876J', 1),
(90127345, 'Camila', 'Mendoza', 34567891, '6543210987654K', 1),
(15948623, 'Andrés', 'Guerrero', 45678902, '9876543210987L', 1),
(73259816, 'Valentina', 'Castañeda', 56789013, '3456789012345M', 1),
(62139785, 'Juan', 'Herrera', 67890124, '7890123456789N', 1),
(58693417, 'Isabella', 'Navarro', 78901235, '2345678901234O', 1),
(91742536, 'Santiago', 'Cruz', 89012346, '6789012345678P', 1),
(17183946, 'Mariana', 'Ochoa', 90123457, '4321098765432Q', 1),
(29364758, 'Felipe', 'Vega', 12345678, '8765432109876R', 1),
(68257391, 'Fernanda', 'Pacheco', 23456789, '6543210987654S', 1),
(94316725, 'Alejandro', 'Lara', 34567890, '9876543210987T', 1),
(42536187, 'Ana', 'Campos', 45678901, '3456789012345U', 1),
(91756823, 'Lucas', 'Montes', 56789012, '7890123456789V', 1),
(39527184, 'Valentina', 'Guzmán', 67890123, '2345678901234W', 1),
(84692317, 'Julián', 'Miranda', 78901234, '6789012345678X', 1),
(52317689, 'Gabriela', 'Acosta', 89012345, '4321098765432Y', 1),
(19385746, 'Martín', 'Escobar', 90123456, '8765432109876Z', 1),
(68549317, 'Natalia', 'Bustos', 12345678, '6543210987654A', 1),
(91437862, 'Gustavo', 'Salgado', 23456789, '9876543210987B', 1),
(31876294, 'María', 'Cordero', 34567890, '3456789012345C', 1),
(73146825, 'Lucía', 'Zambrano', 45678901, '7890123456789D', 1),
(21973586, 'Renata', 'Delgado', 56789012, '2345678901234E', 1),
(69127584, 'Roberto', 'Luna', 67890123, '6789012345678F', 1),
(51243976, 'Marcela', 'Villalobos', 78901234, '4321098765432G', 1),
(14583629, 'Hugo', 'Soto', 89012345, '8765432109876H', 1),
(82591736, 'Julieta', 'Ríos', 90123456, '6543210987654I', 1),
(30478612, 'Emilia', 'Ávila', 12345678, '9876543210987J', 1),
(63182794, 'Ricardo', 'Franco', 23456789, '3456789012345K', 1),
(91284753, 'Paola', 'Molina', 34567890, '7890123456789L', 1),
(27196538, 'Cristian', 'López', 45678901, '2345678901234M', 1),
(46859231, 'Florencia', 'Vargas', 56789012, '6789012345678N', 1),
(83217569, 'Leonardo', 'Chávez', 67890123, '4321098765432O', 1),
(57186429, 'Juana', 'Guerrero', 78901234, '8765432109876P', 1),
(21853679, 'Antonio', 'Carrillo', 89012345, '6543210987654Q', 1),
(74291365, 'Gabriel', 'Santana', 90123456, '9876543210987R', 1),
(51963748, 'Valeria', 'Vega', 12345678, '3456789012345S', 1),
(96382714, 'Ignacio', 'Pérez', 23456789, '7890123456789T', 1),
(42796318, 'Renata', 'Mendoza', 34567890, '2345678901234U', 1),
(76853249, 'Alexis', 'Suárez', 45678901, '6789012345678V', 1),
(36592841, 'Isabela', 'Navarro', 56789012, '4321098765432W', 1),
(93251647, 'Lucas', 'González', 67890123, '8765432109876X', 1),
(42813569, 'Ricardo', 'Hernández', 78901234, '2345678901234Y', 1),
(75926843, 'Valentina', 'Gómez', 89012345, '6789012345678Z', 1),
(22043593, 'Santiago', 'Ríos', 88407469, '6879812345678Z', 1); --Reposanble
Go
INSERT INTO Instructor (noCarnet, nombres, apellidos, telefono, cedula, activo) VALUES
(19387456, 'Juan', 'Gómez', 12345678, '1234567890123A', 1),
(58461327, 'María', 'López', 23456789, '9876543210987B', 0),
(76952843, 'Pedro', 'Hernández', 34567890, '5678901234567C', 1),
(41293857, 'Laura', 'Pérez', 45678901, '9012345678901D', 0),
(95746138, 'Carlos', 'Sánchez', 56789012, '3456789012345E', 1),
(18374569, 'Ana', 'Torres', 67890123, '7890123456789F', 0),
(95237146, 'Luis', 'García', 78901234, '2345678901234G', 1),
(64285379, 'Fernanda', 'Vargas', 89012345, '6789012345678H', 0),
(71584629, 'Andrés', 'Silva', 90123456, '4321098765432I', 1),
(53816924, 'Gabriela', 'Rojas', 23456781, '8765432109876J', 0),
(92764135, 'Javier', 'Mendoza', 34567892, '6543210987654K', 1),
(62579138, 'Valentina', 'Guerrero', 45678903, '9876543210987L', 0),
(31587462, 'David', 'Castañeda', 56789014, '3456789012345M', 1),
(28615947, 'Sofía', 'Herrera', 67890125, '7890123456789N', 0),
(71496325, 'Santiago', 'Navarro', 78901236, '2345678901234O', 1),
(53829416, 'Mariana', 'Cruz', 89012347, '6789012345678P', 0),
(25796438, 'Andrea', 'Ochoa', 90123458, '4321098765432Q', 1),
(68219543, 'Diego', 'Vega', 12345679, '8765432109876R', 0),
(43672159, 'Camila', 'Pacheco', 23456780, '6543210987654S', 1),
(96281745, 'José', 'Lara', 34567891, '9876543210987T', 0),
(34972186, 'Paula', 'Campos', 45678902, '3456789012345U', 1),
(28169547, 'Felipe', 'Montes', 56789013, '7890123456789V', 0),
(19857346, 'Daniela', 'Guzmán', 67890124, '2345678901234W', 1),
(72963548, 'Alejandro', 'Miranda', 78901235, '6789012345678X', 0),
(84762153, 'Isabella', 'Acosta', 89012346, '4321098765432Y', 1),
(61592748, 'Sebastián', 'Escobar', 90123457, '8765432109876Z', 0),
(73681924, 'Lucía', 'Ramírez', 12345678, '1234567890123A', 1),
(29861745, 'Mateo', 'Ríos', 23456789, '9876543210987B', 0),
(72183594, 'Valeria', 'Cordero', 34567890, '5678901234567C', 1),
(42765391, 'Emilio', 'Soto', 45678901, '9012345678901D', 0),
(16492735, 'Renata', 'Chávez', 56789012, '3456789012345E', 1),
(75983146, 'Hugo', 'Santana', 67890123, '7890123456789F', 0),
(49615732, 'Catalina', 'Vega', 78901234, '2345678901234G', 1),
(87231954, 'Maximiliano', 'Franco', 89012345, '6789012345678H', 0),
(61372894, 'Valentina', 'Carrillo', 90123456, '4321098765432I', 1),
(41796382, 'Juan Pablo', 'Molina', 23456781, '8765432109876J', 0),
(92643815, 'María José', 'Santos', 34567892, '6543210987654K', 1),
(27593148, 'Daniel', 'Villalobos', 45678903, '9876543210987L', 0),
(82396471, 'Fernanda', 'Luna', 56789014, '3456789012345M', 1),
(69421857, 'Diego', 'Cordero', 67890125, '7890123456789N', 0),
(41973658, 'Julieta', 'Zambrano', 78901236, '2345678901234O', 1),
(25741963, 'Emilio', 'Sánchez', 89012347, '6789012345678P', 0),
(83625749, 'Isabella', 'Ríos', 90123458, '4321098765432Q', 1),
(61984752, 'Alejandro', 'Molina', 12345679, '8765432109876R', 0),
(42791836, 'Valentina', 'Chávez', 23456780, '6543210987654S', 1),
(73915842, 'Santiago', 'Franco', 34567891, '9876543210987T', 0),
(28936457, 'Camila', 'Santos', 45678902, '3456789012345U', 1),
(59186342, 'José', 'Villalobos', 56789013, '7890123456789V', 0),
(92158634, 'Luciana', 'Luna', 67890124, '2345678901234W', 1),
(22040698, 'Javier', 'Miranda', 78901235, '6789012345678X', 1); -- Instructor
Go



INSERT INTO usuario_c (contrasenia, inss) VALUES
('88407469', 22040690);
Go

INSERT INTO usuario_I (contrasenia, noCarnet) VALUES
('88407469', 22040698);
Go
INSERT INTO usuario_R (contrasenia, inss) VALUES
('88407469', 22043593);
Go


INSERT INTO EquipoTecnologico (inss, numeroArt, codigo, etiqueta, cantidad, descripcion, modelo, idMarca, serie, costo, idEstado, observacion, activo) VALUES
(22040690, 847215, 'COD001', 'ETQ-1', 5, 'Laptop', 'DELL 500', 1, 'Serie1', 100.00, 1, 'NINGUNA', 1),
(22040690, 319467, 'COD002', 'ETQ-2', 3, 'Bateria', 'Modelo2', 2, 'Serie2', 150.00, 1, 'NINGUNA', 1),
(22040690, 523416, 'COD003', 'ETQ-3', 2, 'PC de escritorio', 'Modelo3', 2, 'Serie3', 200.00, 1, 'NINGUNA', 1),
(22040690, 621894, 'COD004', 'ETQ-4', 1, 'Laptop', 'DELL 500', 1, 'Serie4', 120.00, 1, 'NINGUNA', 1),
(22040690, 936517, 'COD005', 'ETQ-5', 4, 'Bateria', 'Modelo5', 2, 'Serie5', 180.00, 1, 'NINGUNA', 1),
(22040690, 693851, 'COD006', 'ETQ-6', 2, 'PC de escritorio', 'Modelo6', 1, 'Serie6', 220.00, 2, 'NINGUNA', 1),
(22040690, 851972, 'COD007', 'ETQ-7', 3, 'Laptop', 'DELL 500', 1, 'Serie7', 140.00, 1, 'NINGUNA', 1),
(22040690, 273846, 'COD008', 'ETQ-8', 5, 'Bateria', 'Modelo8', 2, 'Serie8', 160.00, 1, 'NINGUNA', 1),
(22040690, 739815, 'COD009', 'ETQ-9', 2, 'PC de escritorio', 'Modelo9', 2, 'Serie9', 190.00, 1, 'NINGUNA', 1),
(22040690, 524961, 'COD010', 'ETQ-10', 1, 'Laptop', 'DELL 500', 1, 'Serie10', 130.00, 1, 'NINGUNA', 1),
(22040690, 219674, 'COD011', 'ETQ-11', 4, 'PC de escritorio', 'Modelo11', 2, 'Serie11', 220.00, 1, 'NINGUNA', 1),
(22040690, 529631, 'COD012', 'ETQ-12', 2, 'Laptop', 'DELL 500', 1, 'Serie12', 160.00, 2, 'NINGUNA', 1),
(22040690, 736215, 'COD013', 'ETQ-13', 3, 'Bateria', 'Modelo13', 2, 'Serie13', 180.00, 1, 'NINGUNA', 1),
(22040690, 172948, 'COD014', 'ETQ-14', 5, 'PC de escritorio', 'Modelo14', 2, 'Serie14', 200.00, 2, 'NINGUNA', 1),
(22040690, 819476, 'COD015', 'ETQ-15', 2, 'Laptop', 'DELL 500', 1, 'Serie15', 140.00, 1, 'NINGUNA', 1),
(22040690, 256891, 'COD016', 'ETQ-16', 3, 'Bateria', 'Modelo16', 2, 'Serie16', 160.00, 2, 'NINGUNA', 1),
(22040690, 379264, 'COD017', 'ETQ-17', 4, 'PC de escritorio', 'Modelo17', 2, 'Serie17', 180.00, 1, 'NINGUNA', 1),
(22040690, 648792, 'COD018', 'ETQ-18', 2, 'Laptop', 'DELL 500', 1, 'Serie18', 190.00, 1, 'NINGUNA', 1),
(22040690, 947326, 'COD019', 'ETQ-19', 3, 'Bateria', 'Modelo19', 2, 'Serie19', 220.00, 1, 'NINGUNA', 1),
(22040690, 637842, 'COD020', 'ETQ-20', 5, 'PC de escritorio', 'Modelo20', 2, 'Serie20', 160.00, 2, 'NINGUNA',1 ),
(22040690, 987216, 'COD021', 'ETQ-21', 2, 'Laptop', 'DELL 500', 1, 'Serie21', 180.00, 1, 'NINGUNA', 1),
(22040690, 482916, 'COD022', 'ETQ-22', 3, 'Bateria', 'Modelo22', 2, 'Serie22', 200.00, 1, 'NINGUNA', 1),
(22040690, 248739, 'COD023', 'ETQ-23', 4, 'PC de escritorio', 'Modelo23', 2, 'Serie23', 140.00, 1, 'NINGUNA', 1),
(22040690, 962731, 'COD024', 'ETQ-24', 2, 'Laptop', 'DELL 500', 1, 'Serie24', 160.00, 1, 'NINGUNA', 0),
(22040690, 578219, 'COD025', 'ETQ-25', 3, 'Bateria', 'Modelo25', 2, 'Serie25', 180.00, 1, 'NINGUNA', 1),
(22040690, 746152, 'COD026', 'ETQ-26', 5, 'PC de escritorio', 'Modelo26', 2, 'Serie26', 200.00, 2, 'NINGUNA', 0),
(22040690, 238475, 'COD027', 'ETQ-27', 2, 'Laptop', 'DELL 500', 1, 'Serie27', 220.00, 1, 'NINGUNA', 1),
(22040690, 371249, 'COD028', 'ETQ-28', 3, 'Bateria', 'Modelo28', 2, 'Serie28', 160.00, 2, 'NINGUNA', 0),
(22040690, 597621, 'COD029', 'ETQ-29', 4, 'PC de escritorio', 'Modelo29', 2, 'Serie29', 180.00, 1, 'NINGUNA', 1),
(22040690, 102496, 'COD030', 'ETQ-30', 2, 'Laptop', 'DELL 500', 1, 'Serie30', 140.00, 2, 'NINGUNA', 0),
(22040690, 920364, 'COD031', 'ETQ-31', 3, 'Bateria', 'Modelo31', 2, 'Serie31', 160.00, 1, 'NINGUNA', 1),
(22040690, 481239, 'COD032', 'ETQ-32', 5, 'PC de escritorio', 'Modelo32', 2, 'Serie32', 180.00, 2, 'NINGUNA', 0),
(22040690, 689214, 'COD033', 'ETQ-33', 2, 'Laptop', 'DELL 500', 1, 'Serie33', 200.00, 1, 'NINGUNA', 1),
(22040690, 953146, 'COD034', 'ETQ-34', 3, 'Bateria', 'Modelo34', 2, 'Serie34', 220.00, 2, 'NINGUNA', 0),
(22040690, 724839, 'COD035', 'ETQ-35', 4, 'PC de escritorio', 'Modelo35', 2, 'Serie35', 160.00, 1, 'NINGUNA', 1),
(22040690, 362819, 'COD036', 'ETQ-36', 2, 'Laptop', 'DELL 500', 1, 'Serie36', 180.00, 1, 'NINGUNA', 0),
(22040690, 319472, 'COD037', 'ETQ-37', 3, 'Bateria', 'Modelo37', 2, 'Serie37', 200.00, 1, 'NINGUNA', 1),
(22040690, 751924, 'COD038', 'ETQ-38', 5, 'PC de escritorio', 'Modelo38', 2, 'Serie38', 140.00, 2, 'NINGUNA', 0),
(22040690, 172631, 'COD039', 'ETQ-39', 2, 'Laptop', 'DELL 500', 1, 'Serie39', 160.00, 1, 'NINGUNA', 1),
(22040690, 284196, 'COD040', 'ETQ-40', 3, 'Bateria', 'Modelo40', 2, 'Serie40', 180.00, 2, 'NINGUNA', 0),
(22040690, 532879, 'COD041', 'ETQ-41', 4, 'PC de escritorio', 'Modelo41', 2, 'Serie41', 200.00, 1, 'NINGUNA', 1),
(22040690, 692157, 'COD042', 'ETQ-42', 2, 'Laptop', 'DELL 500', 1, 'Serie42', 220.00, 2, 'NINGUNA', 0),
(22040690, 489162, 'COD043', 'ETQ-43', 3, 'Bateria', 'Modelo43', 2, 'Serie43', 160.00, 2, 'NINGUNA', 1),
(22040690, 957286, 'COD044', 'ETQ-44', 5, 'PC de escritorio', 'Modelo44', 2, 'Serie44', 180.00, 2, 'NINGUNA', 0),
(22040690, 817294, 'COD045', 'ETQ-45', 2, 'Laptop', 'DELL 500', 1, 'Serie45', 200.00, 2, 'NINGUNA', 1),
(22040690, 364851, 'COD046', 'ETQ-46', 3, 'Bateria', 'Modelo46', 2, 'Serie46', 220.00, 2, 'NINGUNA', 0),
(22040690, 721693, 'COD047', 'ETQ-47', 4, 'PC de escritorio', 'Modelo47', 2, 'Serie47', 140.00, 1, 'NINGUNA', 1),
(22040690, 526918, 'COD048', 'ETQ-48', 2, 'Laptop', 'DELL 500', 1, 'Serie48', 160.00, 2, 'NINGUNA', 0),
(22040690, 268749, 'COD049', 'ETQ-49', 3, 'Bateria', 'Modelo49', 2, 'Serie49', 180.00, 2, 'NINGUNA', 1),
(22040690, 594821, 'COD050', 'ETQ-50', 5, 'PC de escritorio', 'Modelo50', 2, 'Serie50', 200.00, 2, 'NINGUNA', 0);
Go
INSERT INTO EquipoMobiliario (inss, numeroArticulo, etiqueta, codigo, cantidad, descripcion, costo, idEstado, observacion, activo) VALUES
(22040690, 634215, 'ETQ-1', 'COD001', 5, 'Pizarra', 100.00, 1, 'NINGUNA', 1),
(22040690, 913467, 'ETQ-2', 'COD002', 3, 'Escritorio', 150.00, 1, 'NINGUNA', 0),
(22040690, 248416, 'ETQ-3', 'COD003', 2, 'Silla', 200.00, 1, 'NINGUNA', 1),
(22040690, 329674, 'ETQ-4', 'COD004', 1, 'Pizarra', 120.00,1, 'NINGUNA', 0),
(22040690, 115517, 'ETQ-5', 'COD005', 4, 'Escritorio', 180.00, 1, 'NINGUNA', 1),
(22040690, 736851, 'ETQ-6', 'COD006', 2, 'Silla', 220.00, 1, 'NINGUNA', 0),
(22040690, 489972, 'ETQ-7', 'COD007', 3, 'Pizarra', 140.00, 1, 'NINGUNA', 1),
(22040690, 992846, 'ETQ-8', 'COD008', 5, 'Escritorio', 160.00, 1, 'NINGUNA', 0),
(22040690, 829815, 'ETQ-9', 'COD009', 2, 'Silla', 190.00, 1, 'NINGUNA', 1),
(22040690, 224961, 'ETQ-10', 'COD010', 1, 'Pizarra', 130.00, 1, 'NINGUNA', 0),
(22040690, 539674, 'ETQ-11', 'COD011', 3, 'Escritorio', 170.00, 1, 'NINGUNA', 1),
(22040690, 586631, 'ETQ-12', 'COD012', 2, 'Silla', 200.00, 1, 'NINGUNA', 0),
(22040690, 473215, 'ETQ-13', 'COD013', 4, 'Pizarra', 140.00, 1, 'NINGUNA', 1),
(22040690, 611948, 'ETQ-14', 'COD014', 1, 'Escritorio', 160.00, 2, 'NINGUNA', 0),
(22040690, 418476, 'ETQ-15', 'COD015', 5, 'Silla', 180.00, 1, 'NINGUNA', 1),
(22040690, 885891, 'ETQ-16', 'COD016', 2, 'Pizarra', 200.00, 1, 'NINGUNA', 0),
(22040690, 293846, 'ETQ-17', 'COD017', 3, 'Escritorio', 150.00, 1, 'NINGUNA', 1),
(22040690, 439815, 'ETQ-18', 'COD018', 4, 'Silla', 170.00, 2, 'NINGUNA', 0),
(22040690, 924961, 'ETQ-19', 'COD019', 1, 'Pizarra', 190.00, 1, 'NINGUNA', 1),
(22040690, 637842, 'ETQ-20', 'COD020', 5, 'Escritorio', 130.00, 2, 'NINGUNA', 0),
(22040690, 217216, 'ETQ-21', 'COD021', 2, 'Silla', 160.00, 1, 'NINGUNA', 1),
(22040690, 128916, 'ETQ-22', 'COD022', 3, 'Pizarra', 180.00, 2, 'NINGUNA', 0),
(22040690, 647739, 'ETQ-23', 'COD023', 4, 'Escritorio', 200.00, 1, 'NINGUNA', 1),
(22040690, 246731, 'ETQ-24', 'COD024', 1, 'Silla', 140.00, 2, 'NINGUNA', 1),
(22040690, 538219, 'ETQ-25', 'COD025', 5, 'Pizarra', 160.00, 1, 'NINGUNA', 1),
(22040690, 346152, 'ETQ-26', 'COD026', 2, 'Escritorio', 190.00, 2, 'NINGUNA', 1),
(22040690, 147214, 'ETQ-27', 'COD027', 3, 'Silla', 220.00, 1, 'NINGUNA', 1),
(22040690, 927839, 'ETQ-28', 'COD028', 4, 'Pizarra', 140.00, 2, 'NINGUNA', 1),
(22040690, 371249, 'ETQ-29', 'COD029', 1, 'Escritorio', 160.00, 2, 'NINGUNA', 1),
(22040690, 103692, 'ETQ-30', 'COD030', 5, 'Silla', 180.00, 2, 'NINGUNA', 0),
(22040690, 821364, 'ETQ-31', 'COD031', 2, 'Pizarra', 200.00, 2, 'NINGUNA', 1),
(22040690, 341239, 'ETQ-32', 'COD032', 3, 'Escritorio', 170.00, 2, 'NINGUNA', 1),
(22040690, 649286, 'ETQ-33', 'COD033', 4, 'Silla', 140.00,2, 'NINGUNA', 1),
(22040690, 287948, 'ETQ-34', 'COD034', 1, 'Pizarra', 160.00, 2, 'NINGUNA', 1),
(22040690, 926824, 'ETQ-35', 'COD035', 5, 'Escritorio', 180.00, 2, 'NINGUNA', 1),
(22040690, 561693, 'ETQ-36', 'COD036', 2, 'Silla', 200.00, 2, 'NINGUNA', 1),
(22040690, 319472, 'ETQ-37', 'COD037', 3, 'Pizarra', 140.00, 1, 'NINGUNA', 1),
(22040690, 756924, 'ETQ-38', 'COD038', 4, 'Escritorio', 160.00, 2, 'NINGUNA', 1),
(22040690, 173162, 'ETQ-39', 'COD039', 1, 'Silla', 190.00, 1, 'NINGUNA', 1),
(22040690, 285196, 'ETQ-40', 'COD040', 5, 'Pizarra', 130.00, 2, 'NINGUNA', 1),
(22040690, 535321, 'ETQ-41', 'COD041', 2, 'Escritorio', 160.00, 2, 'NINGUNA', 1),
(22040690, 694273, 'ETQ-42', 'COD042', 3, 'Silla', 180.00, 2, 'NINGUNA', 1),
(22040690, 481981, 'ETQ-43', 'COD043', 4, 'Pizarra', 200.00, 2, 'NINGUNA', 1),
(22040690, 956287, 'ETQ-44', 'COD044', 1, 'Escritorio', 140.00, 2, 'NINGUNA', 1),
(22040690, 811294, 'ETQ-45', 'COD045', 5, 'Silla', 160.00, 2, 'NINGUNA', 1),
(22040690, 365851, 'ETQ-46', 'COD046', 2, 'Pizarra', 190.00, 2, 'NINGUNA', 0),
(22040690, 724693, 'ETQ-47', 'COD047', 3, 'Escritorio', 220.00, 2, 'NINGUNA', 1),
(22040690, 529318, 'ETQ-48', 'COD048', 4, 'Silla', 140.00, 2, 'NINGUNA', 0),
(22040690, 268749, 'ETQ-49', 'COD049', 1, 'Pizarra', 160.00, 2, 'NINGUNA', 1),
(22040690, 593821, 'ETQ-50', 'COD050', 5, 'Escritorio', 180.00, 2, 'NINGUNA', 0);
Go
INSERT INTO Inventario (NumInventario, idFacultad, idRecinto, idDependencia, ResponsableInss, CustodioInss, FechaIngreso) VALUES
(1, 1, 1, 1, 22043593, 22040690, '2023-07-01'),
(2, 1, 1, 1, 22043593, 22040690, '2023-07-01'),
(3, 1, 1, 1, 22043593, 22040690, '2023-07-01'),
(4, 1, 1, 1, 22043593, 22040690, '2023-07-01'),
(5, 1, 1, 1, 22043593, 22040690, '2023-07-01'),
(6, 1, 1, 1, 22043593, 22040690, '2023-07-01'),
(7, 1, 1, 1, 22043593, 22040690, '2023-07-01'),
(8, 1, 1, 1, 22043593, 22040690, '2023-07-01'),
(9, 1, 1, 1, 22043593, 22040690, '2023-07-01'),
(10, 1, 1, 1, 22043593, 22040690, '2023-07-01');
Go

-- Inserciones de equipos tecnológicos en los inventarios
-- Primer inventario
INSERT INTO Detalle_Inv_EqTecnologico (idInventario, idEquipoTecnologico)
SELECT 1, idEquipoTecnologico
FROM EquipoTecnologico
ORDER BY NEWID()
OFFSET 0 ROWS
FETCH NEXT 10 ROWS ONLY;
Go
-- Segundo inventario
INSERT INTO Detalle_Inv_EqTecnologico (idInventario, idEquipoTecnologico)
SELECT 2, idEquipoTecnologico
FROM EquipoTecnologico
ORDER BY NEWID()
OFFSET 0 ROWS
FETCH NEXT 10 ROWS ONLY;
Go
-- Tercer inventario
INSERT INTO Detalle_Inv_EqTecnologico (idInventario, idEquipoTecnologico)
SELECT 3, idEquipoTecnologico
FROM EquipoTecnologico
ORDER BY NEWID()
OFFSET 0 ROWS
FETCH NEXT 10 ROWS ONLY;
Go
-- Cuarto inventario
INSERT INTO Detalle_Inv_EqTecnologico (idInventario, idEquipoTecnologico)
SELECT 4, idEquipoTecnologico
FROM EquipoTecnologico
ORDER BY NEWID()
OFFSET 0 ROWS
FETCH NEXT 10 ROWS ONLY;
Go
-- Quinto inventario
INSERT INTO Detalle_Inv_EqTecnologico (idInventario, idEquipoTecnologico)
SELECT 5, idEquipoTecnologico
FROM EquipoTecnologico
ORDER BY NEWID()
OFFSET 0 ROWS
FETCH NEXT 10 ROWS ONLY;
Go
-- Inserciones de equipos mobiliarios en los inventarios restantes
-- Sexto inventario
INSERT INTO Detalle_Inv_EqMobiliario (idInventario, idEquipoMobiliario)
SELECT 6, idEquipoMobiliario
FROM EquipoMobiliario
ORDER BY NEWID()
OFFSET 0 ROWS
FETCH NEXT 10 ROWS ONLY;
Go
-- Séptimo inventario
INSERT INTO Detalle_Inv_EqMobiliario (idInventario, idEquipoMobiliario)
SELECT 7, idEquipoMobiliario
FROM EquipoMobiliario
ORDER BY NEWID()
OFFSET 0 ROWS
FETCH NEXT 10 ROWS ONLY;
Go
-- Octavo inventario
INSERT INTO Detalle_Inv_EqMobiliario (idInventario, idEquipoMobiliario)
SELECT 8, idEquipoMobiliario
FROM EquipoMobiliario
ORDER BY NEWID()
OFFSET 0 ROWS
FETCH NEXT 10 ROWS ONLY;
Go
-- Noveno inventario
INSERT INTO Detalle_Inv_EqMobiliario (idInventario, idEquipoMobiliario)
SELECT 9, idEquipoMobiliario
FROM EquipoMobiliario
ORDER BY NEWID()
OFFSET 0 ROWS
FETCH NEXT 10 ROWS ONLY;
Go
-- Décimo inventario
INSERT INTO Detalle_Inv_EqMobiliario (idInventario, idEquipoMobiliario)
SELECT 10, idEquipoMobiliario
FROM EquipoMobiliario
ORDER BY NEWID()
OFFSET 0 ROWS
FETCH NEXT 10 ROWS ONLY;
Go
INSERT INTO Laboratorio (numeroLab, Estado) VALUES ('LAB-A', '1');
INSERT INTO Laboratorio (numeroLab, Estado) VALUES ('LAB-B', '1');
INSERT INTO Laboratorio (numeroLab, Estado) VALUES ('LAB-C', '1');
INSERT INTO Laboratorio (numeroLab, Estado) VALUES ('LAB-D', '1');
Go

	INSERT INTO Movimiento (noMovimiento, inss, idLab, idTpMovimiento, Fecha, LocacionNueva, Observacion)
VALUES
    (1, 22043593, 3, 2, '2023-07-01', 'S/N', 'Ninguna'),
    (2, 22043593, 3, 2, '2023-07-01', 'S/N', 'Ninguna'),
    (3, 22043593, 2, 1, '2023-07-01', 'LAB-A', 'Ninguna'),
    (4, 22043593, 2, 1, '2023-07-01', 'LAB-B', 'Ninguna'),
    (5, 22043593, 1, 3, '2023-07-01', 'S/N', 'Ninguna'),
    (6, 22043593, 1, 3, '2023-07-01', 'S/N', 'Ninguna'),
    (7, 22043593, 3, 3, '2023-07-01', 'S/N', 'Ninguna'),
    (8, 22043593, 1, 2, '2023-07-01', 'S/N', 'Ninguna'),
    (9, 22043593, 1, 2, '2023-07-01', 'S/N', 'Ninguna'),
    (10, 22043593, 2, 2, '2023-07-01', 'S/N', 'Ninguna');
Go
	INSERT INTO Movimiento (noMovimiento, inss, idLab, idTpMovimiento, Fecha, LocacionNueva, Observacion)
VALUES    
	(11, 22043593, 1, 1, '2023-07-01', 'LAB-C', 'Ninguna'),
    (12, 22043593, 2, 1, '2023-07-01', 'LAB-D', 'Ninguna'),
    (13, 22043593, 1, 3, '2023-07-01', 'S/N', 'Ninguna'),
    (14, 22043593, 3, 2, '2023-07-02', 'S/N', 'Ninguna'),
    (15, 22043593, 3, 2, '2023-07-03', 'S/N', 'Ninguna'),
    (16, 22043593, 2, 1, '2023-07-02', 'LAB-C', 'Ninguna'),
    (17, 22043593, 2, 1, '2023-07-03', 'LAB-D', 'Ninguna'),
    (18, 22043593, 1, 3, '2023-07-02', 'S/N', 'Ninguna'),
    (19, 22043593, 1, 3, '2023-07-03', 'S/N', 'Ninguna'),
    (20, 22043593, 3, 3, '2023-07-02', 'S/N', 'Ninguna');

Go
INSERT INTO DetalleMovEqMob (noMovmiento, idEquipoMobiliario)
VALUES
    (1, 10),
    (2, 3),
    (3, 4),
    (4, 2),
    (5, 15),
    (6, 20),
    (7, 24),
    (8, 10),
    (9, 45),
    (10, 10);
Go
INSERT INTO detalleMovEqTec VALUES
	(11,45),
	(12,2),
	(13,4),
	(14,2),
	(15,45),
	(16,2),
	(17,7),
	(18,5),
	(19,7),
	(20,45);
GO
INSERT INTO EncargadoLlab (idLab, noCarnet, fechaEntrada,fechaSalida) VALUES
(1,16492735, '2023-07-10','2023-07-10' ),
(2,18374569, '2023-07-04','2023-07-04'),
(3,19387456, '2023-07-20','2023-07-20'),
(4,19857346, '2023-07-25','2023-07-25');
